"Step","qmix_originalstate_seed3 - eval_win_rate","qmix_originalstate_seed3 - eval_win_rate__MIN","qmix_originalstate_seed3 - eval_win_rate__MAX","qmix_originalstate_seed2 - eval_win_rate","qmix_originalstate_seed2 - eval_win_rate__MIN","qmix_originalstate_seed2 - eval_win_rate__MAX","qmix_originalstate_seed1 - eval_win_rate","qmix_originalstate_seed1 - eval_win_rate__MIN","qmix_originalstate_seed1 - eval_win_rate__MAX"
"10024","","","","","","","0","0","0"
"20010","","","","0.125","0.125","0.125","","",""
"20037","","","","","","","0","0","0"
"20039","0","0","0","","","","","",""
"30037","","","","","","","0","0","0"
"40012","","","","0","0","0","","",""
"40057","","","","","","","0.1875","0.1875","0.1875"
"40060","0.03125","0.03125","0.03125","","","","","",""
"50066","","","","","","","0.03125","0.03125","0.03125"
"60020","","","","0.53125","0.53125","0.53125","","",""
"60080","","","","","","","0.8125","0.8125","0.8125"
"60088","0.1875","0.1875","0.1875","","","","","",""
"70080","","","","","","","0.75","0.75","0.75"
"80033","","","","1","1","1","","",""
"80084","","","","","","","0.65625","0.65625","0.65625"
"80113","1","1","1","","","","","",""
"90106","","","","","","","0.90625","0.90625","0.90625"
"100062","","","","1","1","1","","",""
"100127","1","1","1","","","","","",""
"100133","","","","","","","1","1","1"
"110134","","","","","","","1","1","1"
"120072","","","","0.9375","0.9375","0.9375","","",""
"120134","","","","","","","1","1","1"
"120135","0.875","0.875","0.875","","","","","",""
"130147","","","","","","","1","1","1"
"140076","","","","1","1","1","","",""
"140151","0.96875","0.96875","0.96875","","","","","",""
"140163","","","","","","","0.90625","0.90625","0.90625"
"150182","","","","","","","1","1","1"
"160084","","","","1","1","1","","",""
"160165","1","1","1","","","","","",""
"160193","","","","","","","1","1","1"
"170193","","","","","","","0.875","0.875","0.875"
"180116","","","","0.90625","0.90625","0.90625","","",""
"180170","1","1","1","","","","","",""
"180200","","","","","","","1","1","1"
"190204","","","","","","","0.96875","0.96875","0.96875"
"200170","","","","0.71875","0.71875","0.71875","","",""
"200196","1","1","1","","","","","",""
"200215","","","","","","","0.90625","0.90625","0.90625"
"210224","","","","","","","1","1","1"
"220177","","","","0.96875","0.96875","0.96875","","",""
"220196","0.9375","0.9375","0.9375","","","","","",""
"220359","","","","","","","0.96875","0.96875","0.96875"
"230391","","","","","","","0.9375","0.9375","0.9375"
"240194","","","","0.96875","0.96875","0.96875","","",""
"240198","0.96875","0.96875","0.96875","","","","","",""
"240415","","","","","","","0.96875","0.96875","0.96875"
"250422","","","","","","","0.96875","0.96875","0.96875"
"260212","","","","0.96875","0.96875","0.96875","","",""
"260229","0.96875","0.96875","0.96875","","","","","",""
"260426","","","","","","","0.96875","0.96875","0.96875"
"270447","","","","","","","0.9375","0.9375","0.9375"
"280235","0.9375","0.9375","0.9375","","","","","",""
"280243","","","","0.96875","0.96875","0.96875","","",""
"280475","","","","","","","0.90625","0.90625","0.90625"
"290478","","","","","","","0.84375","0.84375","0.84375"
"300238","1","1","1","","","","","",""
"300250","","","","0.84375","0.84375","0.84375","","",""
"300479","","","","","","","0.875","0.875","0.875"
"310496","","","","","","","0.90625","0.90625","0.90625"
"320258","1","1","1","","","","","",""
"320278","","","","0.9375","0.9375","0.9375","","",""
"320499","","","","","","","0.8125","0.8125","0.8125"
"330545","","","","","","","0.96875","0.96875","0.96875"
"340292","1","1","1","","","","","",""
"340296","","","","1","1","1","","",""
"340549","","","","","","","1","1","1"
"350581","","","","","","","1","1","1"
"360301","","","","1","1","1","","",""
"360304","1","1","1","","","","","",""
"360611","","","","","","","0.96875","0.96875","0.96875"
"370629","","","","","","","1","1","1"
"380325","","","","0.9375","0.9375","0.9375","","",""
"380338","1","1","1","","","","","",""
"380650","","","","","","","0.9375","0.9375","0.9375"
"390680","","","","","","","1","1","1"
"400364","","","","0.90625","0.90625","0.90625","","",""
"400370","1","1","1","","","","","",""
"400681","","","","","","","0.96875","0.96875","0.96875"
"410684","","","","","","","0.9375","0.9375","0.9375"
"420381","0.875","0.875","0.875","","","","","",""
"420387","","","","0.9375","0.9375","0.9375","","",""
"420706","","","","","","","0.9375","0.9375","0.9375"
"430746","","","","","","","0.625","0.625","0.625"
"440382","0.75","0.75","0.75","","","","","",""
"440399","","","","0.96875","0.96875","0.96875","","",""
"440754","","","","","","","0.96875","0.96875","0.96875"
"450776","","","","","","","0.90625","0.90625","0.90625"
"460391","1","1","1","","","","","",""
"460431","","","","1","1","1","","",""
"460780","","","","","","","1","1","1"
"470786","","","","","","","1","1","1"
"480463","","","","0.9375","0.9375","0.9375","","",""
"480530","1","1","1","","","","","",""
"480820","","","","","","","1","1","1"
"490852","","","","","","","0.84375","0.84375","0.84375"
"500470","","","","1","1","1","","",""
"500550","1","1","1","","","","","",""
"500864","","","","","","","0.90625","0.90625","0.90625"
"510965","","","","","","","0.84375","0.84375","0.84375"
"520532","","","","0.96875","0.96875","0.96875","","",""
"520555","0.96875","0.96875","0.96875","","","","","",""
"520983","","","","","","","0.9375","0.9375","0.9375"
"531031","","","","","","","1","1","1"
"540573","1","1","1","","","","","",""
"540633","","","","0.96875","0.96875","0.96875","","",""
"541061","","","","","","","0.9375","0.9375","0.9375"
"551075","","","","","","","1","1","1"
"560587","0.90625","0.90625","0.90625","","","","","",""
"560658","","","","1","1","1","","",""
"561094","","","","","","","0.90625","0.90625","0.90625"
"571104","","","","","","","1","1","1"
"580626","0.96875","0.96875","0.96875","","","","","",""
"580672","","","","1","1","1","","",""
"581135","","","","","","","0.59375","0.59375","0.59375"
"591168","","","","","","","1","1","1"
"600645","1","1","1","","","","","",""
"600687","","","","1","1","1","","",""
"601203","","","","","","","0.90625","0.90625","0.90625"
"611206","","","","","","","0.96875","0.96875","0.96875"
"620645","0.78125","0.78125","0.78125","","","","","",""
"620710","","","","0.9375","0.9375","0.9375","","",""
"621231","","","","","","","1","1","1"
"631261","","","","","","","1","1","1"
"640673","0.9375","0.9375","0.9375","","","","","",""
"640724","","","","0.9375","0.9375","0.9375","","",""
"641273","","","","","","","1","1","1"
"651288","","","","","","","1","1","1"
"660710","0.96875","0.96875","0.96875","","","","","",""
"660755","","","","1","1","1","","",""
"661288","","","","","","","0.9375","0.9375","0.9375"
"671310","","","","","","","0.90625","0.90625","0.90625"
"680739","0.96875","0.96875","0.96875","","","","","",""
"680765","","","","1","1","1","","",""
"681337","","","","","","","0.84375","0.84375","0.84375"
"691338","","","","","","","0.9375","0.9375","0.9375"
"700778","1","1","1","","","","","",""
"700784","","","","1","1","1","","",""
"701364","","","","","","","1","1","1"
"711402","","","","","","","0.6875","0.6875","0.6875"
"720795","1","1","1","","","","","",""
"720808","","","","0.96875","0.96875","0.96875","","",""
"721427","","","","","","","0.9375","0.9375","0.9375"
"731455","","","","","","","0.875","0.875","0.875"
"740808","1","1","1","","","","","",""
"740832","","","","0.9375","0.9375","0.9375","","",""
"741455","","","","","","","1","1","1"
"751481","","","","","","","0.71875","0.71875","0.71875"
"760829","0.90625","0.90625","0.90625","","","","","",""
"760849","","","","1","1","1","","",""
"761483","","","","","","","1","1","1"
"771509","","","","","","","1","1","1"
"780851","0.875","0.875","0.875","","","","","",""
"780864","","","","0.96875","0.96875","0.96875","","",""
"781533","","","","","","","0.96875","0.96875","0.96875"
"791534","","","","","","","1","1","1"
"800878","0.9375","0.9375","0.9375","","","","","",""
"800889","","","","0.90625","0.90625","0.90625","","",""
"801557","","","","","","","0.96875","0.96875","0.96875"
"811562","","","","","","","1","1","1"
"820896","1","1","1","","","","","",""
"820921","","","","0.78125","0.78125","0.78125","","",""
"821584","","","","","","","0.875","0.875","0.875"
"831624","","","","","","","0.96875","0.96875","0.96875"
"840918","0.96875","0.96875","0.96875","","","","","",""
"840958","","","","1","1","1","","",""
"841631","","","","","","","1","1","1"
"851635","","","","","","","1","1","1"
"860940","0.90625","0.90625","0.90625","","","","","",""
"860961","","","","0.96875","0.96875","0.96875","","",""
"861670","","","","","","","0.6875","0.6875","0.6875"
"871689","","","","","","","1","1","1"
"880955","1","1","1","","","","","",""
"880989","","","","1","1","1","","",""
"881702","","","","","","","1","1","1"
"891706","","","","","","","0.96875","0.96875","0.96875"
"900960","1","1","1","","","","","",""
"901106","","","","1","1","1","","",""
"901727","","","","","","","1","1","1"
"911765","","","","","","","0.90625","0.90625","0.90625"
"921011","1","1","1","","","","","",""
"921118","","","","0.9375","0.9375","0.9375","","",""
"921772","","","","","","","0.90625","0.90625","0.90625"
"931790","","","","","","","0.9375","0.9375","0.9375"
"941024","1","1","1","","","","","",""
"941173","","","","1","1","1","","",""
"941829","","","","","","","0.9375","0.9375","0.9375"
"951848","","","","","","","1","1","1"
"961029","0.96875","0.96875","0.96875","","","","","",""
"961198","","","","0.90625","0.90625","0.90625","","",""
"961885","","","","","","","0.9375","0.9375","0.9375"
"971923","","","","","","","0.90625","0.90625","0.90625"
"981029","0.875","0.875","0.875","","","","","",""
"981226","","","","0.9375","0.9375","0.9375","","",""
"981954","","","","","","","1","1","1"
"992063","","","","","","","0.78125","0.78125","0.78125"
"1001075","0.96875","0.96875","0.96875","","","","","",""
"1001252","","","","0.8125","0.8125","0.8125","","",""
"1002197","","","","","","","0.875","0.875","0.875"
"1012244","","","","","","","0.8125","0.8125","0.8125"
"1021195","0.96875","0.96875","0.96875","","","","","",""
"1021253","","","","1","1","1","","",""
"1022276","","","","","","","0.9375","0.9375","0.9375"
"1032373","","","","","","","1","1","1"
"1041199","0.96875","0.96875","0.96875","","","","","",""
"1041268","","","","1","1","1","","",""
"1042404","","","","","","","1","1","1"
"1052435","","","","","","","0.75","0.75","0.75"
"1061268","0.96875","0.96875","0.96875","","","","","",""
"1061299","","","","1","1","1","","",""
"1062447","","","","","","","1","1","1"
"1072482","","","","","","","0.46875","0.46875","0.46875"
"1081295","1","1","1","","","","","",""
"1081301","","","","1","1","1","","",""
"1082508","","","","","","","1","1","1"
"1092531","","","","","","","1","1","1"
"1101307","0.96875","0.96875","0.96875","","","","","",""
"1101337","","","","0.96875","0.96875","0.96875","","",""
"1102594","","","","","","","0.78125","0.78125","0.78125"
"1112637","","","","","","","1","1","1"
"1121309","0.96875","0.96875","0.96875","","","","","",""
"1121363","","","","0.9375","0.9375","0.9375","","",""
"1122663","","","","","","","0.9375","0.9375","0.9375"
"1132769","","","","","","","1","1","1"
"1141339","0.96875","0.96875","0.96875","","","","","",""
"1141397","","","","1","1","1","","",""
"1142803","","","","","","","0.625","0.625","0.625"
"1152828","","","","","","","1","1","1"
"1161339","0.9375","0.9375","0.9375","","","","","",""
"1161416","","","","0.875","0.875","0.875","","",""
"1162829","","","","","","","0.9375","0.9375","0.9375"
"1172859","","","","","","","0.90625","0.90625","0.90625"
"1181414","0.84375","0.84375","0.84375","","","","","",""
"1181433","","","","0.9375","0.9375","0.9375","","",""
"1182920","","","","","","","0.9375","0.9375","0.9375"
"1192925","","","","","","","0.90625","0.90625","0.90625"
"1201449","","","","1","1","1","","",""
"1201536","0.6875","0.6875","0.6875","","","","","",""
"1202934","","","","","","","0.9375","0.9375","0.9375"
"1212942","","","","","","","0.90625","0.90625","0.90625"
"1221481","","","","0.96875","0.96875","0.96875","","",""
"1221554","0.96875","0.96875","0.96875","","","","","",""
"1222951","","","","","","","0.96875","0.96875","0.96875"
"1232951","","","","","","","0.90625","0.90625","0.90625"
"1241563","","","","0.9375","0.9375","0.9375","","",""
"1241606","0.21875","0.21875","0.21875","","","","","",""
"1243081","","","","","","","0.9375","0.9375","0.9375"
"1253096","","","","","","","1","1","1"
"1261567","","","","0.84375","0.84375","0.84375","","",""
"1261610","1","1","1","","","","","",""
"1263116","","","","","","","1","1","1"
"1273117","","","","","","","1","1","1"
"1281604","","","","0.875","0.875","0.875","","",""
"1281627","0.9375","0.9375","0.9375","","","","","",""
"1283149","","","","","","","0.9375","0.9375","0.9375"
"1293149","","","","","","","1","1","1"
"1301607","","","","0.96875","0.96875","0.96875","","",""
"1301643","0.9375","0.9375","0.9375","","","","","",""
"1303162","","","","","","","1","1","1"
"1313185","","","","","","","0.96875","0.96875","0.96875"
"1321635","","","","1","1","1","","",""
"1321668","0.8125","0.8125","0.8125","","","","","",""
"1323206","","","","","","","1","1","1"
"1333244","","","","","","","1","1","1"
"1341644","","","","0.84375","0.84375","0.84375","","",""
"1341696","1","1","1","","","","","",""
"1343247","","","","","","","1","1","1"
"1353283","","","","","","","1","1","1"
"1361677","","","","0.9375","0.9375","0.9375","","",""
"1361706","0.71875","0.71875","0.71875","","","","","",""
"1363288","","","","","","","0.96875","0.96875","0.96875"
"1373296","","","","","","","0.9375","0.9375","0.9375"
"1381712","0.96875","0.96875","0.96875","","","","","",""
"1381713","","","","1","1","1","","",""
"1383305","","","","","","","1","1","1"
"1393328","","","","","","","0.9375","0.9375","0.9375"
"1401712","1","1","1","","","","","",""
"1401732","","","","0.9375","0.9375","0.9375","","",""
"1403332","","","","","","","1","1","1"
"1413377","","","","","","","0.78125","0.78125","0.78125"
"1421736","1","1","1","","","","","",""
"1421763","","","","0.96875","0.96875","0.96875","","",""
"1423403","","","","","","","0.90625","0.90625","0.90625"
"1433427","","","","","","","1","1","1"
"1441760","0.90625","0.90625","0.90625","","","","","",""
"1441768","","","","1","1","1","","",""
"1443438","","","","","","","0.71875","0.71875","0.71875"
"1453452","","","","","","","0.96875","0.96875","0.96875"
"1461795","1","1","1","","","","","",""
"1461854","","","","0.96875","0.96875","0.96875","","",""
"1463583","","","","","","","0.875","0.875","0.875"
"1473607","","","","","","","0.78125","0.78125","0.78125"
"1481824","0.875","0.875","0.875","","","","","",""
"1481883","","","","1","1","1","","",""
"1483633","","","","","","","0.96875","0.96875","0.96875"
"1493668","","","","","","","0.8125","0.8125","0.8125"
"1501825","0.9375","0.9375","0.9375","","","","","",""
"1501907","","","","1","1","1","","",""
"1503684","","","","","","","0.9375","0.9375","0.9375"
"1513689","","","","","","","0.96875","0.96875","0.96875"
"1521917","","","","0.96875","0.96875","0.96875","","",""
"1521938","0.96875","0.96875","0.96875","","","","","",""
"1523703","","","","","","","0.9375","0.9375","0.9375"
"1533717","","","","","","","0.96875","0.96875","0.96875"
"1541927","","","","1","1","1","","",""
"1541966","1","1","1","","","","","",""
"1543727","","","","","","","0.96875","0.96875","0.96875"
"1553852","","","","","","","0.84375","0.84375","0.84375"
"1561946","","","","1","1","1","","",""
"1561975","1","1","1","","","","","",""
"1563869","","","","","","","1","1","1"
"1573896","","","","","","","0.9375","0.9375","0.9375"
"1581964","","","","0.96875","0.96875","0.96875","","",""
"1581975","1","1","1","","","","","",""
"1583912","","","","","","","1","1","1"
"1593938","","","","","","","0.96875","0.96875","0.96875"
"1601990","","","","1","1","1","","",""
"1602109","1","1","1","","","","","",""
"1603946","","","","","","","0.78125","0.78125","0.78125"
"1613951","","","","","","","0.96875","0.96875","0.96875"
"1622017","","","","0.8125","0.8125","0.8125","","",""
"1622136","0.96875","0.96875","0.96875","","","","","",""
"1624004","","","","","","","0.90625","0.90625","0.90625"
"1634009","","","","","","","1","1","1"
"1642035","","","","1","1","1","","",""
"1642175","0.96875","0.96875","0.96875","","","","","",""
"1644012","","","","","","","0.875","0.875","0.875"
"1654031","","","","","","","0.96875","0.96875","0.96875"
"1662060","","","","1","1","1","","",""
"1662207","0.75","0.75","0.75","","","","","",""
"1664043","","","","","","","1","1","1"
"1674063","","","","","","","1","1","1"
"1682091","","","","1","1","1","","",""
"1682210","1","1","1","","","","","",""
"1684078","","","","","","","1","1","1"
"1694090","","","","","","","1","1","1"
"1702120","","","","1","1","1","","",""
"1702224","0.96875","0.96875","0.96875","","","","","",""
"1704120","","","","","","","0.96875","0.96875","0.96875"
"1714157","","","","","","","0.875","0.875","0.875"
"1722149","","","","0.96875","0.96875","0.96875","","",""
"1722239","0.9375","0.9375","0.9375","","","","","",""
"1724178","","","","","","","0.96875","0.96875","0.96875"
"1734188","","","","","","","1","1","1"
"1742149","","","","0.96875","0.96875","0.96875","","",""
"1742256","0.96875","0.96875","0.96875","","","","","",""
"1744190","","","","","","","1","1","1"
"1754234","","","","","","","1","1","1"
"1762153","","","","0.96875","0.96875","0.96875","","",""
"1762263","1","1","1","","","","","",""
"1764237","","","","","","","1","1","1"
"1774255","","","","","","","1","1","1"
"1782165","","","","0.375","0.375","0.375","","",""
"1782277","0.9375","0.9375","0.9375","","","","","",""
"1784295","","","","","","","0.4375","0.4375","0.4375"
"1794325","","","","","","","0.6875","0.6875","0.6875"
"1802176","","","","0.96875","0.96875","0.96875","","",""
"1802303","0.9375","0.9375","0.9375","","","","","",""
"1804371","","","","","","","1","1","1"
"1814397","","","","","","","0.96875","0.96875","0.96875"
"1822190","","","","0.90625","0.90625","0.90625","","",""
"1822357","1","1","1","","","","","",""
"1824398","","","","","","","1","1","1"
"1834408","","","","","","","0.9375","0.9375","0.9375"
"1842195","","","","0.9375","0.9375","0.9375","","",""
"1842379","0.9375","0.9375","0.9375","","","","","",""
"1844411","","","","","","","1","1","1"
"1854436","","","","","","","0.71875","0.71875","0.71875"
"1862202","","","","1","1","1","","",""
"1862402","0.9375","0.9375","0.9375","","","","","",""
"1864461","","","","","","","1","1","1"
"1874520","","","","","","","0.90625","0.90625","0.90625"
"1882223","","","","1","1","1","","",""
"1882504","0.96875","0.96875","0.96875","","","","","",""
"1884553","","","","","","","0.96875","0.96875","0.96875"
"1894575","","","","","","","1","1","1"
"1902234","","","","0.9375","0.9375","0.9375","","",""
"1902523","0.46875","0.46875","0.46875","","","","","",""
"1904631","","","","","","","0.8125","0.8125","0.8125"
"1914689","","","","","","","0.84375","0.84375","0.84375"
"1922280","","","","1","1","1","","",""
"1922540","0.75","0.75","0.75","","","","","",""
"1924699","","","","","","","1","1","1"
"1934706","","","","","","","0.96875","0.96875","0.96875"
"1942315","","","","1","1","1","","",""
"1942569","1","1","1","","","","","",""
"1944725","","","","","","","1","1","1"
"1954734","","","","","","","0.96875","0.96875","0.96875"
"1962336","","","","1","1","1","","",""
"1962587","1","1","1","","","","","",""
"1964747","","","","","","","1","1","1"
"1974747","","","","","","","0.96875","0.96875","0.96875"
"1982337","","","","0.9375","0.9375","0.9375","","",""
"1982590","1","1","1","","","","","",""
"1984775","","","","","","","1","1","1"
"1994795","","","","","","","0.90625","0.90625","0.90625"
"2002350","","","","0.96875","0.96875","0.96875","","",""
"2002592","1","1","1","","","","","",""
"2004817","","","","","","","1","1","1"
"2014834","","","","","","","0.84375","0.84375","0.84375"
"2022379","","","","1","1","1","","",""
"2022610","1","1","1","","","","","",""
"2024943","","","","","","","0.9375","0.9375","0.9375"
"2034960","","","","","","","1","1","1"
"2042398","","","","0.9375","0.9375","0.9375","","",""
"2042636","1","1","1","","","","","",""
"2044995","","","","","","","1","1","1"
"2055035","","","","","","","0.90625","0.90625","0.90625"
"2062409","","","","0.90625","0.90625","0.90625","","",""
"2062637","0.96875","0.96875","0.96875","","","","","",""
"2065039","","","","","","","1","1","1"
"2075047","","","","","","","0.96875","0.96875","0.96875"
"2082461","","","","1","1","1","","",""
"2082647","0.9375","0.9375","0.9375","","","","","",""
"2085050","","","","","","","1","1","1"
"2095058","","","","","","","0.96875","0.96875","0.96875"
"2102464","","","","0.9375","0.9375","0.9375","","",""
"2102661","0.96875","0.96875","0.96875","","","","","",""
"2105119","","","","","","","0.90625","0.90625","0.90625"
"2115155","","","","","","","0.96875","0.96875","0.96875"
"2122491","","","","1","1","1","","",""
"2122681","0.96875","0.96875","0.96875","","","","","",""
"2125184","","","","","","","0.875","0.875","0.875"
"2135196","","","","","","","0.96875","0.96875","0.96875"
"2142503","","","","0.96875","0.96875","0.96875","","",""
"2142685","1","1","1","","","","","",""
"2145227","","","","","","","0.90625","0.90625","0.90625"
"2155264","","","","","","","0.9375","0.9375","0.9375"
"2162540","","","","0.9375","0.9375","0.9375","","",""
"2162711","1","1","1","","","","","",""
"2165277","","","","","","","0.9375","0.9375","0.9375"
"2175286","","","","","","","0.9375","0.9375","0.9375"
"2182540","","","","0.9375","0.9375","0.9375","","",""
"2182740","1","1","1","","","","","",""
"2185319","","","","","","","0.96875","0.96875","0.96875"
"2195322","","","","","","","1","1","1"
"2202546","","","","1","1","1","","",""
"2202756","1","1","1","","","","","",""
"2205337","","","","","","","1","1","1"
"2215338","","","","","","","1","1","1"
"2222554","","","","0.9375","0.9375","0.9375","","",""
"2222763","0.875","0.875","0.875","","","","","",""
"2225367","","","","","","","0.90625","0.90625","0.90625"
"2235403","","","","","","","0.9375","0.9375","0.9375"
"2242564","","","","1","1","1","","",""
"2242769","1","1","1","","","","","",""
"2245419","","","","","","","1","1","1"
"2255450","","","","","","","0.90625","0.90625","0.90625"
"2262577","","","","0.96875","0.96875","0.96875","","",""
"2262773","0.96875","0.96875","0.96875","","","","","",""
"2265450","","","","","","","1","1","1"
"2275479","","","","","","","1","1","1"
"2282628","","","","0.96875","0.96875","0.96875","","",""
"2282806","1","1","1","","","","","",""
"2285508","","","","","","","1","1","1"
"2295536","","","","","","","0.9375","0.9375","0.9375"
"2302630","","","","0.96875","0.96875","0.96875","","",""
"2302837","1","1","1","","","","","",""
"2305572","","","","","","","1","1","1"
"2315593","","","","","","","0.9375","0.9375","0.9375"
"2322639","","","","0.96875","0.96875","0.96875","","",""
"2322865","0.96875","0.96875","0.96875","","","","","",""
"2325611","","","","","","","0.71875","0.71875","0.71875"
"2335738","","","","","","","0.8125","0.8125","0.8125"
"2342643","","","","0.96875","0.96875","0.96875","","",""
"2342866","1","1","1","","","","","",""
"2345764","","","","","","","0.96875","0.96875","0.96875"
"2355783","","","","","","","0.96875","0.96875","0.96875"
"2362646","","","","1","1","1","","",""
"2362900","1","1","1","","","","","",""
"2365812","","","","","","","0.96875","0.96875","0.96875"
"2375921","","","","","","","0.9375","0.9375","0.9375"
"2382673","","","","0.75","0.75","0.75","","",""
"2382916","0.9375","0.9375","0.9375","","","","","",""
"2385934","","","","","","","1","1","1"
"2395952","","","","","","","0.125","0.125","0.125"
"2402722","","","","0.96875","0.96875","0.96875","","",""
"2402923","1","1","1","","","","","",""
"2405977","","","","","","","0.84375","0.84375","0.84375"
"2416002","","","","","","","0.96875","0.96875","0.96875"
"2422743","","","","1","1","1","","",""
"2422936","1","1","1","","","","","",""
"2426024","","","","","","","0.96875","0.96875","0.96875"
"2436063","","","","","","","0.65625","0.65625","0.65625"
"2442890","","","","0.96875","0.96875","0.96875","","",""
"2442949","0.875","0.875","0.875","","","","","",""
"2446084","","","","","","","0.90625","0.90625","0.90625"
"2456108","","","","","","","1","1","1"
"2462904","","","","0.8125","0.8125","0.8125","","",""
"2462951","0.625","0.625","0.625","","","","","",""
"2466175","","","","","","","0.875","0.875","0.875"
"2476206","","","","","","","1","1","1"
"2482950","","","","1","1","1","","",""
"2483092","0.75","0.75","0.75","","","","","",""
"2486285","","","","","","","0.75","0.75","0.75"
"2496292","","","","","","","0.96875","0.96875","0.96875"
"2502972","","","","1","1","1","","",""
"2503102","1","1","1","","","","","",""
"2506307","","","","","","","0.96875","0.96875","0.96875"
"2516319","","","","","","","1","1","1"
"2522972","","","","0.9375","0.9375","0.9375","","",""
"2523129","1","1","1","","","","","",""
"2526348","","","","","","","0.875","0.875","0.875"
"2536351","","","","","","","0.96875","0.96875","0.96875"
"2542974","","","","0.96875","0.96875","0.96875","","",""
"2543175","0.78125","0.78125","0.78125","","","","","",""
"2546373","","","","","","","1","1","1"
"2556400","","","","","","","0.96875","0.96875","0.96875"
"2563002","","","","0.9375","0.9375","0.9375","","",""
"2563183","1","1","1","","","","","",""
"2566432","","","","","","","1","1","1"
"2576452","","","","","","","0.875","0.875","0.875"
"2583017","","","","0.90625","0.90625","0.90625","","",""
"2583195","1","1","1","","","","","",""
"2586493","","","","","","","0.5625","0.5625","0.5625"
"2596541","","","","","","","0.75","0.75","0.75"
"2603019","","","","0.9375","0.9375","0.9375","","",""
"2603197","0.90625","0.90625","0.90625","","","","","",""
"2606552","","","","","","","0.9375","0.9375","0.9375"
"2616578","","","","","","","0.65625","0.65625","0.65625"
"2623040","","","","1","1","1","","",""
"2623232","0.90625","0.90625","0.90625","","","","","",""
"2626607","","","","","","","0.9375","0.9375","0.9375"
"2636635","","","","","","","0.90625","0.90625","0.90625"
"2643056","","","","0.875","0.875","0.875","","",""
"2643248","0.90625","0.90625","0.90625","","","","","",""
"2646718","","","","","","","0.96875","0.96875","0.96875"
"2656718","","","","","","","1","1","1"
"2663095","","","","0.84375","0.84375","0.84375","","",""
"2663276","0.96875","0.96875","0.96875","","","","","",""
"2666744","","","","","","","1","1","1"
"2676752","","","","","","","0.78125","0.78125","0.78125"
"2683223","","","","0.9375","0.9375","0.9375","","",""
"2683301","0.9375","0.9375","0.9375","","","","","",""
"2686787","","","","","","","0.6875","0.6875","0.6875"
"2696792","","","","","","","0.96875","0.96875","0.96875"
"2703236","","","","1","1","1","","",""
"2703326","1","1","1","","","","","",""
"2706795","","","","","","","0.96875","0.96875","0.96875"
"2716811","","","","","","","0.96875","0.96875","0.96875"
"2723246","","","","0.96875","0.96875","0.96875","","",""
"2723342","1","1","1","","","","","",""
"2726816","","","","","","","0.9375","0.9375","0.9375"
"2736830","","","","","","","0.96875","0.96875","0.96875"
"2743248","","","","1","1","1","","",""
"2743362","1","1","1","","","","","",""
"2746830","","","","","","","0.84375","0.84375","0.84375"
"2756873","","","","","","","1","1","1"
"2763259","","","","0.875","0.875","0.875","","",""
"2763370","0.96875","0.96875","0.96875","","","","","",""
"2766883","","","","","","","0.96875","0.96875","0.96875"
"2776897","","","","","","","0.96875","0.96875","0.96875"
"2783273","","","","1","1","1","","",""
"2783373","1","1","1","","","","","",""
"2786905","","","","","","","1","1","1"
"2796935","","","","","","","1","1","1"
"2803285","","","","0.96875","0.96875","0.96875","","",""
"2803410","1","1","1","","","","","",""
"2806946","","","","","","","0.96875","0.96875","0.96875"
"2817025","","","","","","","0.9375","0.9375","0.9375"
"2823308","","","","0.90625","0.90625","0.90625","","",""
"2823418","0.8125","0.8125","0.8125","","","","","",""
"2827047","","","","","","","0.96875","0.96875","0.96875"
"2837054","","","","","","","0.96875","0.96875","0.96875"
"2843322","","","","0.96875","0.96875","0.96875","","",""
"2843429","0.71875","0.71875","0.71875","","","","","",""
"2847066","","","","","","","1","1","1"
"2857076","","","","","","","1","1","1"
"2863329","","","","1","1","1","","",""
"2863462","0.96875","0.96875","0.96875","","","","","",""
"2867118","","","","","","","0.84375","0.84375","0.84375"
"2877130","","","","","","","1","1","1"
"2883351","","","","0.96875","0.96875","0.96875","","",""
"2883504","1","1","1","","","","","",""
"2887166","","","","","","","0.9375","0.9375","0.9375"
"2897197","","","","","","","0.96875","0.96875","0.96875"
"2903382","","","","0.96875","0.96875","0.96875","","",""
"2903531","0.96875","0.96875","0.96875","","","","","",""
"2907211","","","","","","","0.96875","0.96875","0.96875"
"2917236","","","","","","","0.90625","0.90625","0.90625"
"2923393","","","","1","1","1","","",""
"2923547","1","1","1","","","","","",""
"2927238","","","","","","","1","1","1"
"2937248","","","","","","","0.8125","0.8125","0.8125"
"2943428","","","","0.90625","0.90625","0.90625","","",""
"2943577","1","1","1","","","","","",""
"2947254","","","","","","","1","1","1"
"2957263","","","","","","","0.96875","0.96875","0.96875"
"2963438","","","","0.96875","0.96875","0.96875","","",""
"2963586","0.96875","0.96875","0.96875","","","","","",""
"2967298","","","","","","","0.9375","0.9375","0.9375"
"2977309","","","","","","","1","1","1"
"2983441","","","","1","1","1","","",""
"2983613","0.96875","0.96875","0.96875","","","","","",""
"2987332","","","","","","","1","1","1"
"2997347","","","","","","","1","1","1"
"3003455","","","","0.90625","0.90625","0.90625","","",""
"3003631","1","1","1","","","","","",""
"3007369","","","","","","","0.90625","0.90625","0.90625"
"3017390","","","","","","","0.9375","0.9375","0.9375"
"3023457","","","","1","1","1","","",""
"3023657","1","1","1","","","","","",""
"3027414","","","","","","","0.96875","0.96875","0.96875"
"3037459","","","","","","","0.96875","0.96875","0.96875"
"3043483","","","","1","1","1","","",""
"3043676","1","1","1","","","","","",""
"3047486","","","","","","","1","1","1"
"3057510","","","","","","","0.9375","0.9375","0.9375"
"3063517","","","","1","1","1","","",""
"3063702","1","1","1","","","","","",""
"3067525","","","","","","","0.71875","0.71875","0.71875"
"3077526","","","","","","","0.9375","0.9375","0.9375"
"3083530","","","","0.96875","0.96875","0.96875","","",""
"3083733","1","1","1","","","","","",""
"3087557","","","","","","","0.96875","0.96875","0.96875"
"3097588","","","","","","","1","1","1"
"3103555","","","","1","1","1","","",""
"3103743","0.96875","0.96875","0.96875","","","","","",""
"3107598","","","","","","","0.9375","0.9375","0.9375"
"3117609","","","","","","","1","1","1"
"3123561","","","","0.96875","0.96875","0.96875","","",""
"3123745","1","1","1","","","","","",""
"3127642","","","","","","","1","1","1"
"3137643","","","","","","","1","1","1"
"3143594","","","","1","1","1","","",""
"3143752","1","1","1","","","","","",""
"3147669","","","","","","","0.9375","0.9375","0.9375"
"3157677","","","","","","","0.9375","0.9375","0.9375"
"3163624","","","","1","1","1","","",""
"3163769","1","1","1","","","","","",""
"3167683","","","","","","","1","1","1"
"3177766","","","","","","","1","1","1"
"3183632","","","","0.96875","0.96875","0.96875","","",""
"3183773","0.75","0.75","0.75","","","","","",""
"3187788","","","","","","","1","1","1"
"3197816","","","","","","","1","1","1"
"3203639","","","","1","1","1","","",""
"3203783","1","1","1","","","","","",""
"3207817","","","","","","","1","1","1"
"3217843","","","","","","","0.96875","0.96875","0.96875"
"3223647","","","","0.96875","0.96875","0.96875","","",""
"3223807","0.96875","0.96875","0.96875","","","","","",""
"3227851","","","","","","","1","1","1"
"3237884","","","","","","","0.96875","0.96875","0.96875"
"3243651","","","","1","1","1","","",""
"3243828","1","1","1","","","","","",""
"3247917","","","","","","","1","1","1"
"3257955","","","","","","","0.96875","0.96875","0.96875"
"3263657","","","","1","1","1","","",""
"3263846","0.96875","0.96875","0.96875","","","","","",""
"3267963","","","","","","","0.8125","0.8125","0.8125"
"3277988","","","","","","","0.90625","0.90625","0.90625"
"3283676","","","","0.84375","0.84375","0.84375","","",""
"3283874","0.96875","0.96875","0.96875","","","","","",""
"3288026","","","","","","","0.90625","0.90625","0.90625"
"3298052","","","","","","","0.96875","0.96875","0.96875"
"3303683","","","","0.875","0.875","0.875","","",""
"3303898","0.9375","0.9375","0.9375","","","","","",""
"3308058","","","","","","","0.96875","0.96875","0.96875"
"3318073","","","","","","","0.78125","0.78125","0.78125"
"3323715","","","","0.96875","0.96875","0.96875","","",""
"3323923","1","1","1","","","","","",""
"3328094","","","","","","","0.96875","0.96875","0.96875"
"3338101","","","","","","","0.96875","0.96875","0.96875"
"3343740","","","","0.96875","0.96875","0.96875","","",""
"3343949","0.9375","0.9375","0.9375","","","","","",""
"3348106","","","","","","","0.78125","0.78125","0.78125"
"3358123","","","","","","","0.96875","0.96875","0.96875"
"3363772","","","","1","1","1","","",""
"3363979","0.96875","0.96875","0.96875","","","","","",""
"3368153","","","","","","","0.90625","0.90625","0.90625"
"3378162","","","","","","","0.9375","0.9375","0.9375"
"3383783","","","","1","1","1","","",""
"3383986","0.96875","0.96875","0.96875","","","","","",""
"3388187","","","","","","","0.9375","0.9375","0.9375"
"3398207","","","","","","","0.90625","0.90625","0.90625"
"3403801","","","","1","1","1","","",""
"3404010","0.96875","0.96875","0.96875","","","","","",""
"3408223","","","","","","","0.90625","0.90625","0.90625"
"3418232","","","","","","","1","1","1"
"3423846","","","","0.84375","0.84375","0.84375","","",""
"3424037","1","1","1","","","","","",""
"3428239","","","","","","","1","1","1"
"3438253","","","","","","","0.9375","0.9375","0.9375"
"3443846","","","","1","1","1","","",""
"3444040","0.96875","0.96875","0.96875","","","","","",""
"3448277","","","","","","","0.90625","0.90625","0.90625"
"3458283","","","","","","","0.71875","0.71875","0.71875"
"3463875","","","","0.96875","0.96875","0.96875","","",""
"3464043","0.9375","0.9375","0.9375","","","","","",""
"3468299","","","","","","","0.9375","0.9375","0.9375"
"3478315","","","","","","","0.90625","0.90625","0.90625"
"3483896","","","","0.96875","0.96875","0.96875","","",""
"3484070","1","1","1","","","","","",""
"3488325","","","","","","","0.96875","0.96875","0.96875"
"3498329","","","","","","","1","1","1"
"3503902","","","","0.90625","0.90625","0.90625","","",""
"3504075","0.96875","0.96875","0.96875","","","","","",""
"3508356","","","","","","","1","1","1"
"3518381","","","","","","","0.90625","0.90625","0.90625"
"3523918","","","","0.9375","0.9375","0.9375","","",""
"3524080","0.96875","0.96875","0.96875","","","","","",""
"3528407","","","","","","","0.96875","0.96875","0.96875"
"3538542","","","","","","","0.8125","0.8125","0.8125"
"3543936","","","","0.96875","0.96875","0.96875","","",""
"3544109","1","1","1","","","","","",""
"3548542","","","","","","","0.9375","0.9375","0.9375"
"3558643","","","","","","","0.96875","0.96875","0.96875"
"3563959","","","","1","1","1","","",""
"3564122","0.9375","0.9375","0.9375","","","","","",""
"3568672","","","","","","","0.9375","0.9375","0.9375"
"3578721","","","","","","","0.78125","0.78125","0.78125"
"3583975","","","","0.9375","0.9375","0.9375","","",""
"3584131","0.78125","0.78125","0.78125","","","","","",""
"3588737","","","","","","","0.8125","0.8125","0.8125"
"3598737","","","","","","","0.96875","0.96875","0.96875"
"3603992","","","","0.96875","0.96875","0.96875","","",""
"3604137","1","1","1","","","","","",""
"3608763","","","","","","","0.9375","0.9375","0.9375"
"3618797","","","","","","","0.90625","0.90625","0.90625"
"3624027","","","","0.9375","0.9375","0.9375","","",""
"3624149","1","1","1","","","","","",""
"3628827","","","","","","","0.875","0.875","0.875"
"3638830","","","","","","","0.9375","0.9375","0.9375"
"3644067","","","","1","1","1","","",""
"3644158","1","1","1","","","","","",""
"3648845","","","","","","","0.875","0.875","0.875"
"3658870","","","","","","","1","1","1"
"3664162","","","","1","1","1","","",""
"3664177","1","1","1","","","","","",""
"3668887","","","","","","","0.90625","0.90625","0.90625"
"3678917","","","","","","","1","1","1"
"3684220","","","","0.96875","0.96875","0.96875","","",""
"3684287","0.625","0.625","0.625","","","","","",""
"3688945","","","","","","","0.9375","0.9375","0.9375"
"3698956","","","","","","","0.90625","0.90625","0.90625"
"3704240","","","","0.96875","0.96875","0.96875","","",""
"3704313","0.96875","0.96875","0.96875","","","","","",""
"3708969","","","","","","","1","1","1"
"3718976","","","","","","","0.96875","0.96875","0.96875"
"3724263","","","","0.96875","0.96875","0.96875","","",""
"3724338","1","1","1","","","","","",""
"3729002","","","","","","","1","1","1"
"3739034","","","","","","","1","1","1"
"3744273","","","","1","1","1","","",""
"3744344","1","1","1","","","","","",""
"3749056","","","","","","","0.9375","0.9375","0.9375"
"3759143","","","","","","","0.90625","0.90625","0.90625"
"3764288","","","","0.96875","0.96875","0.96875","","",""
"3764346","1","1","1","","","","","",""
"3769160","","","","","","","0.9375","0.9375","0.9375"
"3779182","","","","","","","0.96875","0.96875","0.96875"
"3784305","","","","1","1","1","","",""
"3784354","0.875","0.875","0.875","","","","","",""
"3789287","","","","","","","0.96875","0.96875","0.96875"
"3799308","","","","","","","1","1","1"
"3804314","","","","1","1","1","","",""
"3804381","0.71875","0.71875","0.71875","","","","","",""
"3809314","","","","","","","0.9375","0.9375","0.9375"
"3819318","","","","","","","1","1","1"
"3824323","","","","0.96875","0.96875","0.96875","","",""
"3824406","0.90625","0.90625","0.90625","","","","","",""
"3829348","","","","","","","1","1","1"
"3839377","","","","","","","1","1","1"
"3844324","","","","1","1","1","","",""
"3844416","0.90625","0.90625","0.90625","","","","","",""
"3849390","","","","","","","1","1","1"
"3859402","","","","","","","1","1","1"
"3864358","","","","1","1","1","","",""
"3864442","1","1","1","","","","","",""
"3869447","","","","","","","1","1","1"
"3879494","","","","","","","0.96875","0.96875","0.96875"
"3884359","","","","1","1","1","","",""
"3884444","0.8125","0.8125","0.8125","","","","","",""
"3889511","","","","","","","0.96875","0.96875","0.96875"
"3899532","","","","","","","0.9375","0.9375","0.9375"
"3904379","","","","0.8125","0.8125","0.8125","","",""
"3904472","0.96875","0.96875","0.96875","","","","","",""
"3909563","","","","","","","0.84375","0.84375","0.84375"
"3919590","","","","","","","0.96875","0.96875","0.96875"
"3924406","","","","0.875","0.875","0.875","","",""
"3924479","0.84375","0.84375","0.84375","","","","","",""
"3929617","","","","","","","0.90625","0.90625","0.90625"
"3939635","","","","","","","1","1","1"
"3944430","","","","1","1","1","","",""
"3944489","1","1","1","","","","","",""
"3949645","","","","","","","0.9375","0.9375","0.9375"
"3959669","","","","","","","1","1","1"
"3964446","","","","0.9375","0.9375","0.9375","","",""
"3964509","1","1","1","","","","","",""
"3969678","","","","","","","1","1","1"
"3979682","","","","","","","0.96875","0.96875","0.96875"
"3984466","","","","0.9375","0.9375","0.9375","","",""
"3984534","0.96875","0.96875","0.96875","","","","","",""
"3989699","","","","","","","0.96875","0.96875","0.96875"
"3999707","","","","","","","0.96875","0.96875","0.96875"
"4004472","","","","1","1","1","","",""
"4004550","0.84375","0.84375","0.84375","","","","","",""
"4009739","","","","","","","0.96875","0.96875","0.96875"
"4019754","","","","","","","0.9375","0.9375","0.9375"
"4024490","","","","1","1","1","","",""
"4024567","0.625","0.625","0.625","","","","","",""
"4029760","","","","","","","0.8125","0.8125","0.8125"
"4039770","","","","","","","0.96875","0.96875","0.96875"
"4044507","","","","1","1","1","","",""
"4044583","0.96875","0.96875","0.96875","","","","","",""
"4049825","","","","","","","0.9375","0.9375","0.9375"
"4059839","","","","","","","0.96875","0.96875","0.96875"
"4064529","","","","1","1","1","","",""
"4064603","0.96875","0.96875","0.96875","","","","","",""
"4069843","","","","","","","1","1","1"
"4079848","","","","","","","1","1","1"
"4084553","","","","0.96875","0.96875","0.96875","","",""
"4084629","0.96875","0.96875","0.96875","","","","","",""
"4089875","","","","","","","0.9375","0.9375","0.9375"
"4099900","","","","","","","1","1","1"
"4104585","","","","1","1","1","","",""
"4104631","0.96875","0.96875","0.96875","","","","","",""
"4109911","","","","","","","0.96875","0.96875","0.96875"
"4119916","","","","","","","0.9375","0.9375","0.9375"
"4124594","","","","0.9375","0.9375","0.9375","","",""
"4124664","1","1","1","","","","","",""
"4129930","","","","","","","0.9375","0.9375","0.9375"
"4139947","","","","","","","1","1","1"
"4144613","","","","0.96875","0.96875","0.96875","","",""
"4144674","1","1","1","","","","","",""
"4149953","","","","","","","1","1","1"
"4159981","","","","","","","1","1","1"
"4164636","","","","0.96875","0.96875","0.96875","","",""
"4164694","1","1","1","","","","","",""
"4169985","","","","","","","1","1","1"
"4180008","","","","","","","1","1","1"
"4184670","","","","0.6875","0.6875","0.6875","","",""
"4184716","1","1","1","","","","","",""
"4190026","","","","","","","0.90625","0.90625","0.90625"
"4200033","","","","","","","0.96875","0.96875","0.96875"
"4204714","","","","0.90625","0.90625","0.90625","","",""
"4204741","0.96875","0.96875","0.96875","","","","","",""
"4210053","","","","","","","1","1","1"
"4220057","","","","","","","1","1","1"
"4224727","","","","0.9375","0.9375","0.9375","","",""
"4224770","0.8125","0.8125","0.8125","","","","","",""
"4230083","","","","","","","0.71875","0.71875","0.71875"
"4240126","","","","","","","0.96875","0.96875","0.96875"
"4244758","","","","0.96875","0.96875","0.96875","","",""
"4244793","1","1","1","","","","","",""
"4250153","","","","","","","1","1","1"
"4260177","","","","","","","0.96875","0.96875","0.96875"
"4264791","","","","1","1","1","","",""
"4264797","1","1","1","","","","","",""
"4270233","","","","","","","0.9375","0.9375","0.9375"
"4280237","","","","","","","1","1","1"
"4284814","1","1","1","","","","","",""
"4284820","","","","0.9375","0.9375","0.9375","","",""
"4290245","","","","","","","0.875","0.875","0.875"
"4300246","","","","","","","0.9375","0.9375","0.9375"
"4304837","1","1","1","","","","","",""
"4304844","","","","1","1","1","","",""
"4310259","","","","","","","1","1","1"
"4320288","","","","","","","0.78125","0.78125","0.78125"
"4324865","0.84375","0.84375","0.84375","","","","","",""
"4324877","","","","1","1","1","","",""
"4330298","","","","","","","0.96875","0.96875","0.96875"
"4340314","","","","","","","1","1","1"
"4344871","0.90625","0.90625","0.90625","","","","","",""
"4344896","","","","0.875","0.875","0.875","","",""
"4350314","","","","","","","1","1","1"
"4360327","","","","","","","1","1","1"
"4364891","0.9375","0.9375","0.9375","","","","","",""
"4364937","","","","0.59375","0.59375","0.59375","","",""
"4370335","","","","","","","0.96875","0.96875","0.96875"
"4380354","","","","","","","1","1","1"
"4384907","1","1","1","","","","","",""
"4384958","","","","0.9375","0.9375","0.9375","","",""
"4390397","","","","","","","0.875","0.875","0.875"
"4400422","","","","","","","1","1","1"
"4404937","1","1","1","","","","","",""
"4404983","","","","1","1","1","","",""
"4410496","","","","","","","0.625","0.625","0.625"
"4420536","","","","","","","0.90625","0.90625","0.90625"
"4424937","0.90625","0.90625","0.90625","","","","","",""
"4425054","","","","0.78125","0.78125","0.78125","","",""
"4430554","","","","","","","0.96875","0.96875","0.96875"
"4440588","","","","","","","0.96875","0.96875","0.96875"
"4444948","1","1","1","","","","","",""
"4445081","","","","0.90625","0.90625","0.90625","","",""
"4450606","","","","","","","0.96875","0.96875","0.96875"
"4460609","","","","","","","1","1","1"
"4465057","0.90625","0.90625","0.90625","","","","","",""
"4465109","","","","0.84375","0.84375","0.84375","","",""
"4470610","","","","","","","1","1","1"
"4480637","","","","","","","0.96875","0.96875","0.96875"
"4485083","0.96875","0.96875","0.96875","","","","","",""
"4485133","","","","0.96875","0.96875","0.96875","","",""
"4490662","","","","","","","0.75","0.75","0.75"
"4500689","","","","","","","1","1","1"
"4505091","0.9375","0.9375","0.9375","","","","","",""
"4505145","","","","1","1","1","","",""
"4510710","","","","","","","0.90625","0.90625","0.90625"
"4520715","","","","","","","1","1","1"
"4525148","0.90625","0.90625","0.90625","","","","","",""
"4525186","","","","0.96875","0.96875","0.96875","","",""
"4530744","","","","","","","1","1","1"
"4540765","","","","","","","0.875","0.875","0.875"
"4545191","0.90625","0.90625","0.90625","","","","","",""
"4545321","","","","1","1","1","","",""
"4550797","","","","","","","0.9375","0.9375","0.9375"
"4560804","","","","","","","0.96875","0.96875","0.96875"
"4565193","0.9375","0.9375","0.9375","","","","","",""
"4565345","","","","1","1","1","","",""
"4570822","","","","","","","0.9375","0.9375","0.9375"
"4580851","","","","","","","0.65625","0.65625","0.65625"
"4585332","0.9375","0.9375","0.9375","","","","","",""
"4585359","","","","0.875","0.875","0.875","","",""
"4590862","","","","","","","0.875","0.875","0.875"
"4600869","","","","","","","0.96875","0.96875","0.96875"
"4605366","1","1","1","","","","","",""
"4605390","","","","1","1","1","","",""
"4610870","","","","","","","0.96875","0.96875","0.96875"
"4620874","","","","","","","1","1","1"
"4625384","0.875","0.875","0.875","","","","","",""
"4625442","","","","0.875","0.875","0.875","","",""
"4630897","","","","","","","0.96875","0.96875","0.96875"
"4640945","","","","","","","0.75","0.75","0.75"
"4645417","1","1","1","","","","","",""
"4645474","","","","0.96875","0.96875","0.96875","","",""
"4650980","","","","","","","0.90625","0.90625","0.90625"
"4661001","","","","","","","1","1","1"
"4665439","0.96875","0.96875","0.96875","","","","","",""
"4665505","","","","1","1","1","","",""
"4671013","","","","","","","0.5","0.5","0.5"
"4681013","","","","","","","0.75","0.75","0.75"
"4685454","0.96875","0.96875","0.96875","","","","","",""
"4685520","","","","0.96875","0.96875","0.96875","","",""
"4691052","","","","","","","1","1","1"
"4701074","","","","","","","0.875","0.875","0.875"
"4705458","1","1","1","","","","","",""
"4705542","","","","0.875","0.875","0.875","","",""
"4711101","","","","","","","0.90625","0.90625","0.90625"
"4721127","","","","","","","0.96875","0.96875","0.96875"
"4725491","1","1","1","","","","","",""
"4725554","","","","0.96875","0.96875","0.96875","","",""
"4731130","","","","","","","1","1","1"
"4741162","","","","","","","0.96875","0.96875","0.96875"
"4745493","1","1","1","","","","","",""
"4745556","","","","0.9375","0.9375","0.9375","","",""
"4751193","","","","","","","0.96875","0.96875","0.96875"
"4761225","","","","","","","0.96875","0.96875","0.96875"
"4765513","0.9375","0.9375","0.9375","","","","","",""
"4765615","","","","1","1","1","","",""
"4771244","","","","","","","0.84375","0.84375","0.84375"
"4781307","","","","","","","1","1","1"
"4785540","1","1","1","","","","","",""
"4785626","","","","0.53125","0.53125","0.53125","","",""
"4791322","","","","","","","1","1","1"
"4801328","","","","","","","0.78125","0.78125","0.78125"
"4805565","1","1","1","","","","","",""
"4805627","","","","1","1","1","","",""
"4811329","","","","","","","1","1","1"
"4821335","","","","","","","0.96875","0.96875","0.96875"
"4825593","1","1","1","","","","","",""
"4825629","","","","0.90625","0.90625","0.90625","","",""
"4831358","","","","","","","1","1","1"
"4841382","","","","","","","1","1","1"
"4845618","0.9375","0.9375","0.9375","","","","","",""
"4845652","","","","1","1","1","","",""
"4851393","","","","","","","1","1","1"
"4861394","","","","","","","0.84375","0.84375","0.84375"
"4865637","1","1","1","","","","","",""
"4865675","","","","1","1","1","","",""
"4871413","","","","","","","0.96875","0.96875","0.96875"
"4881421","","","","","","","1","1","1"
"4885661","1","1","1","","","","","",""
"4885694","","","","0.96875","0.96875","0.96875","","",""
"4891441","","","","","","","0.96875","0.96875","0.96875"
"4901495","","","","","","","0.78125","0.78125","0.78125"
"4905705","","","","0.9375","0.9375","0.9375","","",""
"4905714","1","1","1","","","","","",""
"4911509","","","","","","","0.96875","0.96875","0.96875"
"4921511","","","","","","","0.9375","0.9375","0.9375"
"4925719","0.90625","0.90625","0.90625","","","","","",""
"4925734","","","","0.96875","0.96875","0.96875","","",""
"4931523","","","","","","","0.96875","0.96875","0.96875"
"4941554","","","","","","","1","1","1"
"4945734","1","1","1","","","","","",""
"4945745","","","","1","1","1","","",""
"4951630","","","","","","","1","1","1"
"4961647","","","","","","","0.84375","0.84375","0.84375"
"4965762","","","","0.78125","0.78125","0.78125","","",""
"4965769","0.9375","0.9375","0.9375","","","","","",""
"4971776","","","","","","","0.96875","0.96875","0.96875"
"4981782","","","","","","","0.9375","0.9375","0.9375"
"4985774","","","","0.96875","0.96875","0.96875","","",""
"4985797","0.84375","0.84375","0.84375","","","","","",""
"4991812","","","","","","","0.9375","0.9375","0.9375"
"5001812","","","","","","","0.96875","0.96875","0.96875"
"5005811","","","","0.84375","0.84375","0.84375","","",""
"5005813","1","1","1","","","","","",""
"5011814","","","","","","","0.96875","0.96875","0.96875"
"5021842","","","","","","","0.9375","0.9375","0.9375"
"5025819","","","","0.96875","0.96875","0.96875","","",""
"5025832","1","1","1","","","","","",""
"5031867","","","","","","","1","1","1"
"5041898","","","","","","","0.9375","0.9375","0.9375"
"5045833","","","","1","1","1","","",""
"5045870","0.9375","0.9375","0.9375","","","","","",""
"5051908","","","","","","","1","1","1"
"5061937","","","","","","","0.96875","0.96875","0.96875"
"5065848","","","","0.9375","0.9375","0.9375","","",""
"5065893","0.8125","0.8125","0.8125","","","","","",""
"5071961","","","","","","","0.9375","0.9375","0.9375"
"5081978","","","","","","","1","1","1"
"5085860","","","","0.75","0.75","0.75","","",""
"5085912","1","1","1","","","","","",""
"5092111","","","","","","","1","1","1"
"5102113","","","","","","","0.875","0.875","0.875"
"5105872","","","","0.84375","0.84375","0.84375","","",""
"5105962","0.96875","0.96875","0.96875","","","","","",""
"5112135","","","","","","","1","1","1"
"5122157","","","","","","","0.96875","0.96875","0.96875"
"5125894","","","","0.96875","0.96875","0.96875","","",""
"5125979","0.96875","0.96875","0.96875","","","","","",""
"5132180","","","","","","","1","1","1"
"5142198","","","","","","","0.96875","0.96875","0.96875"
"5145902","","","","0.96875","0.96875","0.96875","","",""
"5146016","0.9375","0.9375","0.9375","","","","","",""
"5152200","","","","","","","1","1","1"
"5162219","","","","","","","0.78125","0.78125","0.78125"
"5165931","","","","0.84375","0.84375","0.84375","","",""
"5166027","1","1","1","","","","","",""
"5172229","","","","","","","1","1","1"
"5182261","","","","","","","0.96875","0.96875","0.96875"
"5185954","","","","1","1","1","","",""
"5186027","1","1","1","","","","","",""
"5192272","","","","","","","0.9375","0.9375","0.9375"
"5202279","","","","","","","1","1","1"
"5205976","","","","0.96875","0.96875","0.96875","","",""
"5206065","1","1","1","","","","","",""
"5212303","","","","","","","0.96875","0.96875","0.96875"
"5222314","","","","","","","0.90625","0.90625","0.90625"
"5225982","","","","1","1","1","","",""
"5226076","1","1","1","","","","","",""
"5232318","","","","","","","1","1","1"
"5242347","","","","","","","0.9375","0.9375","0.9375"
"5245983","","","","1","1","1","","",""
"5246085","0.96875","0.96875","0.96875","","","","","",""
"5252374","","","","","","","0.96875","0.96875","0.96875"
"5262408","","","","","","","0.96875","0.96875","0.96875"
"5265993","","","","1","1","1","","",""
"5266105","1","1","1","","","","","",""
"5272432","","","","","","","0.9375","0.9375","0.9375"
"5282477","","","","","","","0.9375","0.9375","0.9375"
"5286021","","","","1","1","1","","",""
"5286119","0.96875","0.96875","0.96875","","","","","",""
"5292495","","","","","","","1","1","1"
"5302501","","","","","","","0.875","0.875","0.875"
"5306033","","","","0.9375","0.9375","0.9375","","",""
"5306121","1","1","1","","","","","",""
"5312501","","","","","","","0.96875","0.96875","0.96875"
"5322542","","","","","","","0.625","0.625","0.625"
"5326075","","","","0.9375","0.9375","0.9375","","",""
"5326130","0.90625","0.90625","0.90625","","","","","",""
"5332570","","","","","","","0.9375","0.9375","0.9375"
"5342586","","","","","","","1","1","1"
"5346112","","","","1","1","1","","",""
"5346147","1","1","1","","","","","",""
"5352661","","","","","","","0.96875","0.96875","0.96875"
"5362674","","","","","","","0.9375","0.9375","0.9375"
"5366135","","","","1","1","1","","",""
"5366154","1","1","1","","","","","",""
"5372691","","","","","","","0.96875","0.96875","0.96875"
"5382726","","","","","","","0.9375","0.9375","0.9375"
"5386157","","","","0.78125","0.78125","0.78125","","",""
"5386161","1","1","1","","","","","",""
"5392739","","","","","","","1","1","1"
"5402740","","","","","","","0.90625","0.90625","0.90625"
"5406165","","","","0.90625","0.90625","0.90625","","",""
"5406171","0.96875","0.96875","0.96875","","","","","",""
"5412761","","","","","","","0.96875","0.96875","0.96875"
"5422791","","","","","","","1","1","1"
"5426178","","","","1","1","1","","",""
"5426209","0.96875","0.96875","0.96875","","","","","",""
"5432799","","","","","","","0.84375","0.84375","0.84375"
"5442814","","","","","","","0.96875","0.96875","0.96875"
"5446202","","","","0.875","0.875","0.875","","",""
"5446230","1","1","1","","","","","",""
"5452840","","","","","","","0.9375","0.9375","0.9375"
"5462870","","","","","","","1","1","1"
"5466220","","","","0.96875","0.96875","0.96875","","",""
"5466246","0.96875","0.96875","0.96875","","","","","",""
"5472877","","","","","","","1","1","1"
"5482884","","","","","","","0.96875","0.96875","0.96875"
"5486239","","","","1","1","1","","",""
"5486272","0.96875","0.96875","0.96875","","","","","",""
"5492979","","","","","","","1","1","1"
"5503000","","","","","","","1","1","1"
"5506255","","","","1","1","1","","",""
"5506287","1","1","1","","","","","",""
"5513029","","","","","","","0.96875","0.96875","0.96875"
"5523048","","","","","","","1","1","1"
"5526287","","","","0.96875","0.96875","0.96875","","",""
"5526308","0.96875","0.96875","0.96875","","","","","",""
"5533071","","","","","","","0.9375","0.9375","0.9375"
"5543091","","","","","","","0.96875","0.96875","0.96875"
"5546300","","","","0.96875","0.96875","0.96875","","",""
"5546350","0.90625","0.90625","0.90625","","","","","",""
"5553120","","","","","","","1","1","1"
"5563131","","","","","","","1","1","1"
"5566318","","","","1","1","1","","",""
"5566379","1","1","1","","","","","",""
"5573155","","","","","","","0.96875","0.96875","0.96875"
"5583166","","","","","","","0.9375","0.9375","0.9375"
"5586358","","","","0.625","0.625","0.625","","",""
"5586396","0.78125","0.78125","0.78125","","","","","",""
"5593167","","","","","","","1","1","1"
"5603168","","","","","","","0.84375","0.84375","0.84375"
"5606373","","","","0.96875","0.96875","0.96875","","",""
"5606404","0.875","0.875","0.875","","","","","",""
"5613209","","","","","","","0.875","0.875","0.875"
"5623333","","","","","","","0.90625","0.90625","0.90625"
"5626400","","","","1","1","1","","",""
"5626435","0.96875","0.96875","0.96875","","","","","",""
"5633350","","","","","","","0.9375","0.9375","0.9375"
"5643376","","","","","","","1","1","1"
"5646436","0.78125","0.78125","0.78125","","","","","",""
"5646442","","","","0.71875","0.71875","0.71875","","",""
"5653411","","","","","","","0.96875","0.96875","0.96875"
"5663436","","","","","","","1","1","1"
"5666448","","","","0.9375","0.9375","0.9375","","",""
"5666451","1","1","1","","","","","",""
"5673450","","","","","","","0.90625","0.90625","0.90625"
"5683460","","","","","","","0.53125","0.53125","0.53125"
"5686459","","","","0.90625","0.90625","0.90625","","",""
"5686477","1","1","1","","","","","",""
"5693487","","","","","","","0.9375","0.9375","0.9375"
"5703490","","","","","","","1","1","1"
"5706462","","","","0.84375","0.84375","0.84375","","",""
"5706532","0.96875","0.96875","0.96875","","","","","",""
"5713514","","","","","","","1","1","1"
"5723635","","","","","","","0.96875","0.96875","0.96875"
"5726467","","","","0.96875","0.96875","0.96875","","",""
"5726558","0.59375","0.59375","0.59375","","","","","",""
"5733660","","","","","","","1","1","1"
"5743666","","","","","","","0.9375","0.9375","0.9375"
"5746495","","","","0.9375","0.9375","0.9375","","",""
"5746577","0.9375","0.9375","0.9375","","","","","",""
"5753686","","","","","","","1","1","1"
"5763727","","","","","","","1","1","1"
"5766525","","","","0.875","0.875","0.875","","",""
"5766596","1","1","1","","","","","",""
"5773748","","","","","","","0.84375","0.84375","0.84375"
"5783774","","","","","","","1","1","1"
"5786528","","","","0.875","0.875","0.875","","",""
"5786598","0.90625","0.90625","0.90625","","","","","",""
"5793808","","","","","","","0.875","0.875","0.875"
"5803836","","","","","","","0.96875","0.96875","0.96875"
"5806563","","","","0.9375","0.9375","0.9375","","",""
"5806654","1","1","1","","","","","",""
"5813848","","","","","","","1","1","1"
"5823854","","","","","","","1","1","1"
"5826578","","","","0.8125","0.8125","0.8125","","",""
"5826671","0.9375","0.9375","0.9375","","","","","",""
"5833953","","","","","","","0.90625","0.90625","0.90625"
"5844030","","","","","","","0.9375","0.9375","0.9375"
"5846594","","","","1","1","1","","",""
"5846681","0.96875","0.96875","0.96875","","","","","",""
"5854056","","","","","","","0.90625","0.90625","0.90625"
"5864081","","","","","","","1","1","1"
"5866597","","","","0.9375","0.9375","0.9375","","",""
"5866700","1","1","1","","","","","",""
"5874086","","","","","","","0.90625","0.90625","0.90625"
"5884105","","","","","","","0.90625","0.90625","0.90625"
"5886615","","","","0.90625","0.90625","0.90625","","",""
"5886715","0.6875","0.6875","0.6875","","","","","",""
"5894132","","","","","","","1","1","1"
"5904160","","","","","","","1","1","1"
"5906630","","","","1","1","1","","",""
"5906720","1","1","1","","","","","",""
"5914188","","","","","","","0.96875","0.96875","0.96875"
"5924213","","","","","","","1","1","1"
"5926644","","","","0.96875","0.96875","0.96875","","",""
"5926737","0.90625","0.90625","0.90625","","","","","",""
"5934244","","","","","","","0.9375","0.9375","0.9375"
"5944254","","","","","","","1","1","1"
"5946667","","","","0.96875","0.96875","0.96875","","",""
"5946737","0.6875","0.6875","0.6875","","","","","",""
"5954260","","","","","","","1","1","1"
"5964275","","","","","","","0.96875","0.96875","0.96875"
"5966674","","","","1","1","1","","",""
"5966753","0.90625","0.90625","0.90625","","","","","",""
"5974276","","","","","","","1","1","1"
"5984298","","","","","","","1","1","1"
"5986677","","","","1","1","1","","",""
"5986783","0.96875","0.96875","0.96875","","","","","",""
"5994313","","","","","","","0.9375","0.9375","0.9375"
"6004343","","","","","","","0.9375","0.9375","0.9375"
"6006711","","","","0.75","0.75","0.75","","",""
"6006811","1","1","1","","","","","",""
"6014352","","","","","","","0.875","0.875","0.875"
"6024357","","","","","","","0.90625","0.90625","0.90625"
"6026737","","","","0.875","0.875","0.875","","",""
"6026834","0.9375","0.9375","0.9375","","","","","",""
"6034411","","","","","","","1","1","1"
"6044443","","","","","","","1","1","1"
"6046757","","","","1","1","1","","",""
"6046864","0.96875","0.96875","0.96875","","","","","",""
"6054460","","","","","","","1","1","1"
"6064489","","","","","","","1","1","1"
"6066769","","","","1","1","1","","",""
"6067006","0.96875","0.96875","0.96875","","","","","",""
"6074533","","","","","","","0.6875","0.6875","0.6875"
"6084586","","","","","","","1","1","1"
"6086833","","","","0.9375","0.9375","0.9375","","",""
"6087015","0.96875","0.96875","0.96875","","","","","",""
"6094592","","","","","","","1","1","1"
"6104625","","","","","","","1","1","1"
"6106840","","","","0.96875","0.96875","0.96875","","",""
"6107047","0.9375","0.9375","0.9375","","","","","",""
"6114653","","","","","","","0.96875","0.96875","0.96875"
"6124682","","","","","","","0.96875","0.96875","0.96875"
"6126862","","","","1","1","1","","",""
"6127068","1","1","1","","","","","",""
"6134711","","","","","","","0.84375","0.84375","0.84375"
"6144749","","","","","","","0.96875","0.96875","0.96875"
"6146901","","","","0.75","0.75","0.75","","",""
"6147080","1","1","1","","","","","",""
"6154891","","","","","","","0.96875","0.96875","0.96875"
"6164893","","","","","","","0.96875","0.96875","0.96875"
"6166912","","","","0.96875","0.96875","0.96875","","",""
"6167084","0.9375","0.9375","0.9375","","","","","",""
"6174906","","","","","","","0.9375","0.9375","0.9375"
"6184932","","","","","","","0.96875","0.96875","0.96875"
"6187055","","","","0.9375","0.9375","0.9375","","",""
"6194967","","","","","","","0.9375","0.9375","0.9375"
"6204982","","","","","","","1","1","1"
"6207078","","","","0.96875","0.96875","0.96875","","",""
"6214985","","","","","","","0.84375","0.84375","0.84375"
"6225004","","","","","","","1","1","1"
"6227108","","","","0.9375","0.9375","0.9375","","",""
"6235040","","","","","","","0.96875","0.96875","0.96875"
"6245063","","","","","","","1","1","1"
"6247139","","","","1","1","1","","",""
"6255070","","","","","","","1","1","1"
"6265098","","","","","","","0.9375","0.9375","0.9375"
"6267140","","","","1","1","1","","",""
"6275153","","","","","","","0.9375","0.9375","0.9375"
"6285167","","","","","","","0.96875","0.96875","0.96875"
"6287165","","","","0.96875","0.96875","0.96875","","",""
"6295167","","","","","","","1","1","1"
"6305179","","","","","","","0.9375","0.9375","0.9375"
"6307188","","","","1","1","1","","",""
"6315210","","","","","","","0.625","0.625","0.625"
"6325242","","","","","","","0.9375","0.9375","0.9375"
"6335279","","","","","","","1","1","1"
"6345281","","","","","","","0.9375","0.9375","0.9375"
"6355313","","","","","","","0.96875","0.96875","0.96875"
"6365325","","","","","","","1","1","1"
"6375356","","","","","","","0.9375","0.9375","0.9375"
"6385362","","","","","","","1","1","1"
"6395397","","","","","","","0.84375","0.84375","0.84375"
"6405408","","","","","","","0.90625","0.90625","0.90625"
"6415409","","","","","","","1","1","1"
"6425421","","","","","","","1","1","1"
"6435423","","","","","","","0.96875","0.96875","0.96875"
"6445429","","","","","","","0.96875","0.96875","0.96875"
"6455454","","","","","","","0.96875","0.96875","0.96875"
"6465460","","","","","","","1","1","1"
"6475501","","","","","","","0.96875","0.96875","0.96875"